{"Adipose - Subcutaneous": "subcutaneous adipose",
"Adipose - Visceral (Omentum)": "visceral adipose",
"Adrenal Gland": "adrenal gland",
"Artery - Aorta": "aotra",
"Artery - Coronary": "coronary artery",
"Artery - Tibial": "tibial artery",
"Bladder": "bladder",
"Brain - Amygdala": "amygdala",
"Brain - Anterior cingulate cortex (BA24)": "anterior cingulate cortex",
"Brain - Caudate (basal ganglia)": "caudate",
"Brain - Cerebellar Hemisphere": "cerebellar hemisphere",
"Brain - Cerebellum": "cerebellum",
"Brain - Cortex": "cortex",
"Brain - Frontal Cortex (BA9)": "frontal cortex",
"Brain - Hippocampus": "hippocampus",
"Brain - Hypothalamus": "hypothalamus",
"Brain - Nucleus accumbens (basal ganglia)": "nucleus accumbens",
"Brain - Putamen (basal ganglia)": "putamen",
"Brain - Spinal cord (cervical c-1)": "spinal cord",
"Brain - Substantia nigra": "substantia nigra",
"Breast - Mammary Tissue": "breast",
"Cells - Cultured fibroblasts": "cultured fibroblasts",
"Cells - EBV-transformed lymphocytes": "ebv-transformed lymphocytes",
"Cervix - Ectocervix": "ectocervix",
"Cervix - Endocervix": "endocervix",
"Colon - Sigmoid": "sigmoid colon",
"Colon - Transverse": "transverse colon",
"Esophagus - Gastroesophageal Junction": "esophagal gastroesophageal junction",
"Esophagus - Mucosa": "esophagal mucosa",
"Esophagus - Muscularis": "esophagal muscularis",
"Fallopian Tube": "fallopian tube",
"Heart - Atrial Appendage": "atrial appendage of heart",
"Heart - Left Ventricle": "left ventricle of heart",
"Kidney - Cortex": "kidney cortex",
"Kidney - Medulla": "kidney medulla",
"Liver": "liver",
"Lung": "lung",
"Minor Salivary Gland": "salivary gland",
"Muscle - Skeletal": "skeletal muscle",
"Nerve - Tibial": "tibial nerve",
"Ovary": "ovary",
"Pancreas": "pancreas",
"Pituitary": "pituitary",
"Prostate": "prostate",
"Skin - Not Sun Exposed (Suprapubic)": "protected skin",
"Skin - Sun Exposed (Lower leg)": "sun exposed skin",
"Small Intestine - Terminal Ileum": "small intestine",
"Spleen": "spleen",
"Stomach": "stomach",
"Testis": "testis",
"Thyroid": "thyroid",
"Uterus": "uterus",
"Vagina": "vagina",
"Whole Blood": "whole blood"}